Workbook

Sheet Cover
B2: TEST CASE
B4: Project Name | C4: OrangeHRM – Human Resource Management System (Claim module) | F4: Creator | G4: Tran Loi Phat – 23130233
B5: Project Code | C5: Group09-OrangeHRM | F5: Reviewer/Approver | G5: Group09 Leader
B6: Document Code | C6: Group09_23130233_TestCase_V1.0 | F6: Issue Date | G6: 10/23/2026
D7: Version | E7: 1.0
B10: Record of change
B11: Effective Date | C11: Version | D11: Change Item | E11: *A,D,M | F11: Change description | G11: Reference
B12: 10/23/2026 | C12: 1.0 | D12: Whole document | E12: A | F12: Create test design and test cases for Claim module – Events function; Test Report; Defect List; Automation plan | G12: OrangeHRM OS 5.9 – https://opensource-demo.orangehrmlive.com
B14: *A - Added; M - Modified; D - Deleted

Sheet Test case List
B2: TEST CASE LIST
B4: Project Name | D4: OrangeHRM – Human Resource Management System (Claim module)
B5: Project Code | D5: Group09-OrangeHRM
B6: Test Environment Setup Description | D6: 1. Website: https://opensource-demo.orangehrmlive.com (OrangeHRM OS 5.9) 2. Browser: latest Google Chrome; OS: Windows 11 3. Account: demo Admin account shown on the login page (has permission to configure Claim) 4. All new test data is prefixed with 'G09' to distinguish it from other users' data on the shared demo site 5. Event Name max 100 characters, Description max 1000 characters 6. Test date: 10/23/2026. Automation: Selenium WebDriver + Python + pytest (automation folder in the group repo)
B8: No | C8: Function Name | D8: Sheet Name | E8: Description | F8: Pre-Condition
B9: 1 | C9: Events management (Configuration > Events) | D9: Events | E9: UI, name/description validation (EP, BVA), duplicate names, filter, sort, edit, single and bulk delete | F9: Logged in as Admin; 3 default events exist

Sheet Test Design
B2: TEST DESIGN – CLAIM MODULE – EVENTS
B3: Techniques: EP – Equivalence Partitioning; BVA – Boundary Value Analysis; DT – Decision Table; ST – State Transition; EG – Error Guessing; UI – User Interface check
B5: No | C5: Function | D5: Test condition / item | E5: Technique | F5: Valid values | G5: Invalid values | H5: Test case
B6: 1 | C6: Events | D6: List and form UI | E6: UI | F6: All filters, columns and buttons | G6: — | H6: Claim-Events-1
B7: 2 | C7: Events | D7: Event Name (required, ≤ 100 characters) | E7: EP, BVA | F7: Valid name; 100 characters | G7: Empty; spaces only; 101 characters | H7: Claim-Events-2 → 6
B8: 3 | C8: Events | D8: Event Name must be unique | E8: EP, EG | F8: New name | G8: Duplicate; different case; leading/trailing spaces | H8: Claim-Events-7 → 9
B9: 4 | C9: Events | D9: Description (≤ 1000 characters), Active | E9: BVA, EP | F9: 1000 characters; Active/Inactive | G9: 1001 characters | H9: Claim-Events-10, 11
B10: 5 | C10: Events | D10: Search, filter, sort | E10: EP, DT | F10: Name from hints; Status Inactive | G10: Non-existent name | H10: Claim-Events-13 → 17
B11: 6 | C11: Events | D11: Edit, delete | E11: ST | F11: Edit name/description/status; Yes, Delete; bulk delete | G11: Duplicate/empty name on edit; No, Cancel | H11: Claim-Events-12, 18 → 23

Sheet Events
B2: Module Code | C2: Claim-Events
B3: Test requirement | C3: Admin adds, edits, deletes and searches events used as the basis for claim requests
B4: Tester | C4: Tran Loi Phat – 23130233
B5: Passed | C5: Failed | D5: Untested | E5: Blocked | F5: Skipped | G5: Number of Test cases
B6: =COUNTIF($G$9:$G$31,"Passed") -> 22 | C6: =COUNTIF($G$9:$G$31,"Failed") -> 1 | D6: =COUNTIF($G$9:$G$31,"Untested") -> 0 | E6: =COUNTIF($G$9:$G$31,"Blocked") -> 0 | F6: =COUNTIF($G$9:$G$31,"Skipped") -> 0 | G6: =COUNTA($B$9:$B$31) -> 23
B8: ID | C8: Test Case Description | D8: Test Case Procedure | E8: Expected Output | F8: Inter-test case Dependence | G8: Result | H8: Test date | I8: Note
B9: [Claim-Events-1] | C9: Check UI of Events list screen | D9: Pre-condition: - Logged in with the Admin account Step: 1. Click [Claim] menu 2. Click [Configuration] > [Events] | E9: 1. Events filter is displayed: Event Name (hint box 'Type for hints...'), Status (-- Select --), [Reset] and [Search] buttons 2. [+ Add] button and '(n) Records Found' text are displayed 3. Table has columns: checkbox, Event Name, Status, Actions (delete and edit icons) 4. Default data: Accommodation, Medical Reimbursement, Travel Allowance (Active) | G9: Passed | H9: 10/23/2026
B10: [Claim-Events-2] | C10: Add a valid event | D10: Pre-condition: - Logged in with the Admin account - Go to Claim > Configuration > Events - Click [+ Add] (Add Event screen) Step: 1. Input Event Name and Description 2. Keep Active switch on 3. Click [Save] button Test data: - Event Name: G09 Travel Event - Description: Business trip expenses - Group09 test | E10: 1. Message 'Success - Successfully Saved' is displayed 2. Back to Events list; row 'G09 Travel Event | Active' is displayed | G10: Passed | H10: 10/23/2026
B11: [Claim-Events-3] | C11: Event Name is empty | D11: Pre-condition: - Logged in with the Admin account - Go to Claim > Configuration > Events - Click [+ Add] (Add Event screen) Step: 1. Leave Event Name empty 2. Click [Save] button | E11: 1. 'Required' is displayed under Event Name 2. Record is not saved, still on Add Event screen | G11: Passed | H11: 10/23/2026
B12: [Claim-Events-4] | C12: Event Name contains only spaces | D12: Pre-condition: - Logged in with the Admin account - Go to Claim > Configuration > Events - Click [+ Add] (Add Event screen) Step: 1. Input Event Name with spaces only 2. Click [Save] button Test data: - Event Name: ' ' (3 spaces) | E12: 1. 'Required' is displayed 2. Record is not saved | G12: Passed | H12: 10/23/2026
B13: [Claim-Events-5] | C13: Event Name with 100 characters (upper boundary) | D13: Pre-condition: - Logged in with the Admin account - Go to Claim > Configuration > Events - Click [+ Add] (Add Event screen) Step: 1. Input Event Name with 100 characters 2. Click [Save] button Test data: - Event Name: 'G09 ' + 96 x 'L' (100 characters) | E13: 1. No error message 2. Saved successfully: 'Successfully Saved' | G13: Passed | H13: 10/23/2026 | I13: BVA
B14: [Claim-Events-6] | C14: Event Name with 101 characters (over boundary) | D14: Pre-condition: - Logged in with the Admin account - Go to Claim > Configuration > Events - Click [+ Add] (Add Event screen) Step: 1. Input Event Name with 101 characters Test data: - Event Name: 101 x 'G' | E14: 1. 'Should not exceed 100 characters' is displayed 2. Record cannot be saved | G14: Passed | H14: 10/23/2026 | I14: BVA
B15: [Claim-Events-7] | C15: Event Name duplicates an existing event | D15: Pre-condition: - Logged in with the Admin account - Go to Claim > Configuration > Events - Click [+ Add] (Add Event screen) Step: 1. Input an existing Event Name Test data: - Event Name: Accommodation | E15: 1. 'Already exists' is displayed 2. Record cannot be saved | G15: Passed | H15: 10/23/2026
B16: [Claim-Events-8] | C16: Event Name duplicates with different letter case | D16: Pre-condition: - Logged in with the Admin account - Go to Claim > Configuration > Events - Click [+ Add] (Add Event screen) Step: 1. Input Event Name Test data: - Event Name: accommodation | E16: 1. 'Already exists' is displayed (case-insensitive check) | G16: Passed | H16: 10/23/2026
B17: [Claim-Events-9] | C17: Event Name duplicates with leading/trailing spaces | D17: Pre-condition: - Logged in with the Admin account - Go to Claim > Configuration > Events - Click [+ Add] (Add Event screen) - Event 'G09 Travel Event' already exists Step: 1. Input Event Name 2. Click [Save] button Test data: - Event Name: ' G09 Travel Event ' | E17: 1. System trims the spaces and displays 'Already exists' under Event Name 2. Record is not saved | F17: [Claim-Events-2] | G17: Failed | H17: 10/23/2026 | I17: BUG-01. Actual: 'Already exists' is not displayed; clicking Save shows toast 'Error - Invalid Parameter'
B18: [Claim-Events-10] | C18: Description with 1000 / 1001 characters | D18: Pre-condition: - Logged in with the Admin account - Go to Claim > Configuration > Events - Click [+ Add] (Add Event screen) Step: 1. Input a valid Event Name 2. Input Description with 1000 characters 3. Change Description to 1001 characters Test data: - Event Name: G09 Desc Test - Description: 1000 x 'D', then 1001 x 'D' | E18: 1. 1000 characters: no error 2. 1001 characters: 'Should not exceed 1000 characters' is displayed | G18: Passed | H18: 10/23/2026 | I18: BVA
B19: [Claim-Events-11] | C19: Add an inactive event | D19: Pre-condition: - Logged in with the Admin account - Go to Claim > Configuration > Events - Click [+ Add] (Add Event screen) Step: 1. Input data 2. Turn off Active switch 3. Click [Save] button Test data: - Event Name: G09 Inactive Event - Description: Inactive event - Group09 test | E19: 1. Saved successfully: 'Successfully Saved' 2. List displays 'G09 Inactive Event | Inactive' | G19: Passed | H19: 10/23/2026
B20: [Claim-Events-12] | C20: Cancel button on Add Event screen | D20: Pre-condition: - Logged in with the Admin account - Go to Claim > Configuration > Events - Click [+ Add] (Add Event screen) Step: 1. Input Event Name 2. Click [Cancel] button Test data: - Event Name: G09 Cancel Test | E20: 1. Back to Events list 2. Event 'G09 Cancel Test' is not created | G20: Passed | H20: 10/23/2026
B21: [Claim-Events-13] | C21: Search by Event Name (select from hints) | D21: Pre-condition: - Logged in with the Admin account - Go to Claim > Configuration > Events - Event 'G09 Travel Event' exists Step: 1. Type 'G09' into Event Name 2. Select 'G09 Travel Event' from the hint list 3. Click [Search] | E21: 1. Hint list shows 'G09 Travel Event' 2. Result '(1) Records Found': G09 Travel Event | Active | F21: [Claim-Events-2] | G21: Passed | H21: 10/23/2026
B22: [Claim-Events-14] | C22: Search with a non-existent name | D22: Pre-condition: - Logged in with the Admin account - Go to Claim > Configuration > Events Step: 1. Type a non-existent name into Event Name (do not select a hint) 2. Click [Search] Test data: - Event Name: G09 Khong Ton Tai | E22: 1. No hint is displayed 2. 'No Records Found' and message 'Info - No Records Found' are displayed | G22: Passed | H22: 10/23/2026
B23: [Claim-Events-15] | C23: Filter by Status = Inactive | D23: Pre-condition: - Logged in with the Admin account - Go to Claim > Configuration > Events - Event 'G09 Inactive Event' exists Step: 1. Select Status = Inactive 2. Click [Search] | E23: 1. Only inactive events are displayed: '(1) Records Found' – G09 Inactive Event | Inactive | F23: [Claim-Events-11] | G23: Passed | H23: 10/23/2026
B24: [Claim-Events-16] | C24: Reset button of the filter | D24: Pre-condition: - Logged in with the Admin account - Go to Claim > Configuration > Events Step: 1. Filter by Event Name 'G09 Travel Event' and click Search 2. Click [Reset] | E24: 1. Event Name is cleared, Status is back to '-- Select --' 2. All events are displayed again | F24: [Claim-Events-13] | G24: Passed | H24: 10/23/2026
B25: [Claim-Events-17] | C25: Sort by Event Name descending | D25: Pre-condition: - Logged in with the Admin account - Go to Claim > Configuration > Events Step: 1. Click sort icon on Event Name column 2. Select 'Descending' | E25: 1. List is sorted Z to A: Travel Allowance, Medical Reimbursement, G09 Travel Event, G09 Inactive Event, Accommodation | G25: Passed | H25: 10/23/2026
B26: [Claim-Events-18] | C26: Edit event – name validation | D26: Pre-condition: - Logged in with the Admin account - Go to Claim > Configuration > Events Step: 1. Click edit icon on 'G09 Travel Event' row 2. Change Event Name to 'Medical Reimbursement' 3. Clear Event Name | E26: 1. 'Edit Event' screen shows the current data of the event 2. Duplicate name: 'Already exists' is displayed 3. Empty name: 'Required' is displayed | F26: [Claim-Events-2] | G26: Passed | H26: 10/23/2026
B27: [Claim-Events-19] | C27: Edit event name and description | D27: Pre-condition: - Logged in with the Admin account - Go to Claim > Configuration > Events Step: 1. Click edit icon on 'G09 Travel Event' row 2. Change data 3. Click [Save] button Test data: - Event Name: G09 Business Trip - Description: Updated by Group09 | E27: 1. Message 'Success - Successfully Updated' is displayed 2. List displays 'G09 Business Trip' | F27: [Claim-Events-2] | G27: Passed | H27: 10/23/2026
B28: [Claim-Events-20] | C28: Edit event from Active to Inactive | D28: Pre-condition: - Logged in with the Admin account - Go to Claim > Configuration > Events Step: 1. Click edit icon on the 100-character event (created in [Claim-Events-5]) 2. Turn off Active switch 3. Click [Save] button | E28: 1. 'Successfully Updated' is displayed 2. Event status changes to Inactive | F28: [Claim-Events-5] | G28: Passed | H28: 10/23/2026
B29: [Claim-Events-21] | C29: Delete event – select No, Cancel | D29: Pre-condition: - Logged in with the Admin account - Go to Claim > Configuration > Events Step: 1. Click delete icon on the 100-character event 2. Click [No, Cancel] | E29: 1. Dialog 'Are you Sure?' – 'The selected record will be permanently deleted. Are you sure you want to continue?' is displayed 2. Dialog is closed, the event is still in the list | F29: [Claim-Events-5] | G29: Passed | H29: 10/23/2026
B30: [Claim-Events-22] | C30: Delete event – select Yes, Delete | D30: Pre-condition: - Logged in with the Admin account - Go to Claim > Configuration > Events Step: 1. Click delete icon on the 100-character event 2. Click [Yes, Delete] | E30: 1. Message 'Success - Successfully Deleted' is displayed 2. Event is removed from the list | F30: [Claim-Events-21] | G30: Passed | H30: 10/23/2026
B31: [Claim-Events-23] | C31: Delete multiple events at once | D31: Pre-condition: - Logged in with the Admin account - Go to Claim > Configuration > Events - Events 'G09 Bulk A' and 'G09 Bulk B' are created Step: 1. Tick checkboxes of G09 Bulk A and G09 Bulk B 2. Click [Delete Selected] 3. Click [Yes, Delete] | E31: 1. '(2) Records Selected' and [Delete Selected] button are displayed 2. 'Successfully Deleted' is displayed, both events are removed | G31: Passed | H31: 10/23/2026

Sheet Test Report
B2: TEST REPORT
B4: Project Name | D4: OrangeHRM – Human Resource Management System (Claim module)
B5: Project Code | D5: Group09-OrangeHRM
B6: Document Code | D6: Group09_23130233_TestCase_V1.0
B7: Notes | D7: Results are calculated automatically from the Result column of each function sheet
B9: No | C9: Module code | D9: Passed | E9: Failed | F9: Untested | G9: Blocked | H9: Skipped | I9: Number of test cases
B10: 1 | C10: Claim-Events | D10: =Events!B6 -> 22 | E10: =Events!C6 -> 1 | F10: =Events!D6 -> 0 | G10: =Events!E6 -> 0 | H10: =Events!F6 -> 0 | I10: =Events!G6 -> 23
B11: Sub total | D11: =SUM(D10:D10) -> 22 | E11: =SUM(E10:E10) -> 1 | F11: =SUM(F10:F10) -> 0 | G11: =SUM(G10:G10) -> 0 | H11: =SUM(H10:H10) -> 0 | I11: =SUM(I10:I10) -> 23
C13: Test coverage | D13: =IF(I11=0,0,(D11+E11)/I11) -> 1
C14: Test successful coverage | D14: =IF(I11=0,0,D11/I11) -> 0.95652174
C16: Test coverage = (Passed + Failed) / Total TCs; Test successful coverage = Passed / Total TCs

Sheet Defect List
B2: DEFECT LIST
B4: Defect ID | C4: Test case | D4: Function | E4: Summary | F4: Steps to reproduce | G4: Expected result | H4: Actual result | I4: Severity | J4: Status
B5: BUG-01 | C5: Claim-Events-9 | D5: Events | E5: Adding an event with a duplicate name plus leading/trailing spaces does not show 'Already exists' | F5: 1. Claim > Configuration > Events > Add 2. Event Name = ' G09 Travel Event ' ('G09 Travel Event' exists) 3. Click Save | G5: 'Already exists' under Event Name | H5: No inline error; Save shows toast 'Error - Invalid Parameter' | I5: Medium | J5: Open

Sheet Automation Plan
B2: AUTOMATION TEST PLAN – CLAIM MODULE – EVENTS
B4: A. IMPLEMENTATION CHECKLIST
B5: No | C5: Item | D5: Content | E5: Owner | F5: Status
B6: 1 | C6: Objective | D6: Automate 23 test cases of the Events function (Claim module); Priority High cases are used as a smoke test after each change | E6: Tran Loi Phat | F6: Done
B7: 2 | C7: Tools | D7: Selenium WebDriver 4 + Python + pytest (pytest-html for reports); Selenium Manager downloads ChromeDriver automatically | E7: Tran Loi Phat | F7: Done
B8: 3 | C8: Environment | D8: https://opensource-demo.orangehrmlive.com, latest Google Chrome; demo Admin account read from environment variables HRM_USER / HRM_PASS (not hard-coded) | E8: Tran Loi Phat | F8: Done
B9: 4 | C9: Project structure | D9: Page Object Model: pages/ (BasePage, LoginPage, EventsPage); tests/test_events.py; conftest.py logs in once per run | E9: Tran Loi Phat | F9: Done
B10: 5 | C10: Test data | D10: Data names use prefix 'G09' + timestamp so runs never collide; events created by the script are cleaned up after the run | E10: Tran Loi Phat | F10: Done
B11: 6 | C11: Locators | D11: OrangeHRM OXD components: input by label (.oxd-input-group), dropdown .oxd-select-text / .oxd-select-option, hints .oxd-autocomplete-option, field error .oxd-input-field-error-message, toast .oxd-toast | E11: Tran Loi Phat | F11: Done
B12: 7 | C12: Synchronization | D12: Explicit waits for toasts, AJAX and the duplicate-name check (about 1-2 seconds delay); screenshot on failure | E12: Tran Loi Phat | F12: Done
B13: 8 | C13: Schedule | D13: Week 1: framework + Events list/search/sort cases; Week 2: add/edit/delete cases; Week 3: CI integration, reports, script fixes | E13: Tran Loi Phat | F13: In progress
B14: 9 | C14: CI/CD | D14: GitHub Actions runs pytest (headless Chrome) on push to dev branch; demo account stored in GitHub Secrets; HTML report uploaded as artifact | E14: Tran Loi Phat | F14: In progress
B15: 10 | C15: Git workflow | D15: Each member works on a personal branch (e.g. feature/23130233-claim), opens a Pull Request to dev; the leader reviews and merges | E15: Tran Loi Phat | F15: In progress
B16: 11 | C16: Risks | D16: Shared demo site may reset data and sessions may expire: the script creates its own data before each test and logs in again when redirected to the login page | E16: Tran Loi Phat | F16: Done
B17: 12 | C17: Exit criteria | D17: All Priority High cases have stable scripts; the defect in Defect List is reproduced automatically; results are written to the Result column and summarized in Test Report | E17: Tran Loi Phat | F17: Not started
B20: B. AUTOMATED TEST CASE LIST
B21: Automate: Y = fully automated, P = partially (manual check needed), N = manual. Priority: H = high (smoke), M = medium, L = low
B22: No | C22: Test case ID | D22: Description | E22: Automate | F22: Priority | G22: Script / Test function
B23: 1 | C23: [Claim-Events-1] | D23: Check UI of Events list screen | E23: Y | F23: M | G23: test_events.py::test_tc01
B24: 2 | C24: [Claim-Events-2] | D24: Add a valid event | E24: Y | F24: H | G24: test_events.py::test_tc02
B25: 3 | C25: [Claim-Events-3] | D25: Event Name is empty | E25: Y | F25: H | G25: test_events.py::test_tc03
B26: 4 | C26: [Claim-Events-4] | D26: Event Name contains only spaces | E26: Y | F26: M | G26: test_events.py::test_tc04
B27: 5 | C27: [Claim-Events-5] | D27: Event Name with 100 characters (upper boundary) | E27: Y | F27: M | G27: test_events.py::test_tc05
B28: 6 | C28: [Claim-Events-6] | D28: Event Name with 101 characters (over boundary) | E28: Y | F28: M | G28: test_events.py::test_tc06
B29: 7 | C29: [Claim-Events-7] | D29: Event Name duplicates an existing event | E29: Y | F29: H | G29: test_events.py::test_tc07
B30: 8 | C30: [Claim-Events-8] | D30: Event Name duplicates with different letter case | E30: Y | F30: M | G30: test_events.py::test_tc08
B31: 9 | C31: [Claim-Events-9] | D31: Event Name duplicates with leading/trailing spaces | E31: Y | F31: M | G31: test_events.py::test_tc09
B32: 10 | C32: [Claim-Events-10] | D32: Description with 1000 / 1001 characters | E32: Y | F32: L | G32: test_events.py::test_tc10
B33: 11 | C33: [Claim-Events-11] | D33: Add an inactive event | E33: Y | F33: M | G33: test_events.py::test_tc11
B34: 12 | C34: [Claim-Events-12] | D34: Cancel button on Add Event screen | E34: Y | F34: L | G34: test_events.py::test_tc12
... B45: 23 | C45: [Claim-Events-23] | D45: Delete multiple events at once | E45: Y | F45: M | G45: test_events.py::test_tc23
C47: Total TCs | D47: =COUNTA(C23:C45) -> 23
C48: Automate = Y | D48: =COUNTIF(E23:E45,"Y") -> 23
C49: Automate = P | D49: =COUNTIF(E23:E45,"P") -> 0
C50: Automation rate | D50: =IF(D47=0,0,D48/D47) -> 1
